task,ref,name,metric,ref_mean,mean,delta,n_ref,n,welch_p,paired_p,cohen_d
checkerboard,DDIM,DDPM ancestral,sw_k4,0.23227184712886811,0.35468575954437254,-0.12241391241550442,5,5,9.900395331612232e-07,1.4977018552452298e-05,-16.32027601457713
checkerboard,DDIM,Flow Matching (Euler),sw_k4,0.23227184712886811,0.21879481971263887,0.013477027416229248,5,5,0.03436506571283869,0.007264874732578515,1.7504252966061675
checkerboard,DDIM,Flow Matching (Heun),sw_k4,0.23227184712886811,0.03907862044870854,0.1931932266801596,5,5,1.2611045363109445e-09,1.2100005035752483e-07,19.632494406450387
checkerboard,DDIM,Real data (floor),sw_k4,0.23227184712886811,0.013640075176954269,0.21863177195191386,5,5,9.699820743058403e-07,9.754402759756738e-07,31.378089810501134
checkerboard,DDIM,Reflow-1 (Euler),sw_k4,0.23227184712886811,0.03440367728471756,0.19786816984415057,5,5,2.4489253367725576e-09,3.19955005290796e-07,23.516144165871168
eight_gaussians,DDIM,DDPM ancestral,sw_k4,0.2879432737827301,0.32934842705726625,-0.041405153274536144,5,5,0.09814676101718456,0.06756523502155652,-1.2878689350200871
eight_gaussians,DDIM,Flow Matching (Euler),sw_k4,0.2879432737827301,0.08628588765859604,0.20165738612413406,5,5,0.00038482002552697774,0.0005185621384096918,6.554233294485948
eight_gaussians,DDIM,Flow Matching (Heun),sw_k4,0.2879432737827301,0.0458448052406311,0.242098468542099,5,5,0.00019761919086692625,0.00024157782146274855,7.90067524634915
eight_gaussians,DDIM,Real data (floor),sw_k4,0.2879432737827301,0.021876058541238308,0.2660672152414918,5,5,0.00011560657851814198,9.221736308692817e-05,8.618628777576175
eight_gaussians,DDIM,Reflow-1 (Euler),sw_k4,0.2879432737827301,0.03456358090043068,0.25337969288229945,5,5,0.00015705236724598913,0.00016171615551623694,8.250003148738035
two_moons,DDIM,DDPM ancestral,sw_k4,0.2030727446079254,0.45461158752441405,-0.25153884291648865,5,5,2.2145095499755244e-08,3.765826231670532e-06,-15.56115735485459
two_moons,DDIM,Flow Matching (Euler),sw_k4,0.2030727446079254,0.2633915841579437,-0.06031883955001832,5,5,0.00048609403938660223,0.0018019548407760503,-3.8993688061514082
two_moons,DDIM,Flow Matching (Heun),sw_k4,0.2030727446079254,0.041430070623755456,0.16164267398416995,5,5,9.756700963996051e-07,1.0584575895449317e-05,10.577996622562576
two_moons,DDIM,Real data (floor),sw_k4,0.2030727446079254,0.02152618933469057,0.18154655527323482,5,5,4.080993239139146e-06,7.309317723355288e-05,13.157561429395843
two_moons,DDIM,Reflow-1 (Euler),sw_k4,0.2030727446079254,0.028702069818973542,0.17437067478895185,5,5,5.994371761153915e-06,9.938081197715342e-06,12.72662995957765
