,0
LR/bc_natural/auroc,0.0
LR/bc_natural/auprc,0.0
LR/bc_natural/brier,0.0
LR/bc_natural/cal_slope,0.0
LR/bc_1to5/auroc,0.0
LR/bc_1to5/auprc,0.0
LR/bc_1to5/brier,0.0
LR/bc_1to5/cal_slope,0.0
LR/bc_1to20/auroc,0.0
LR/bc_1to20/auprc,0.0
LR/bc_1to20/brier,0.0
LR/bc_1to20/cal_slope,0.0
LR/bc_1to50/auroc,0.0
LR/bc_1to50/auprc,0.0
LR/bc_1to50/brier,0.0
LR/bc_1to50/cal_slope,0.0
GB/bc_natural/auroc,0.0
GB/bc_natural/auprc,0.0
GB/bc_natural/brier,0.0
GB/bc_natural/cal_slope,0.0
GB/bc_1to5/auroc,0.0
GB/bc_1to5/auprc,0.0
GB/bc_1to5/brier,0.0
GB/bc_1to5/cal_slope,0.0
GB/bc_1to20/auroc,0.0
GB/bc_1to20/auprc,0.0
GB/bc_1to20/brier,0.0
GB/bc_1to20/cal_slope,0.0
GB/bc_1to50/auroc,0.0
GB/bc_1to50/auprc,0.0
GB/bc_1to50/brier,0.0
GB/bc_1to50/cal_slope,0.0
