group,task,kind,name,metric,n,mean,std,ci_lo,ci_hi,min,max
sweep_ntrain_vdp,vdp,method,SINDy (STLSQ),pred_nrmse,25,0.8772641192034085,3.2619484509517522,0.07881694704512864,2.308216561181825,0.04454469892442477,16.109531354426014
sweep_ntrain_vdp,vdp,method,SINDy (STLSQ),pred_nrmse_h5,25,0.03252756480132769,0.015575853759608023,0.027186621977387502,0.03894071999440822,0.01853858123162416,0.07479994515238772
sweep_ntrain_vdp,vdp,method,SINDy (STLSQ),support_f1,25,0.4793008913034489,0.09882509891585271,0.442634880876441,0.5189052490750701,0.3333333333333333,0.7142857142857143
sweep_ntrain_vdp,vdp,method,SINDy (STLSQ),n_terms,25,16.68,4.200396806652121,15.04,18.28,9.0,25.0
sweep_ntrain_vdp,vdp,method,SINDy (STLSQ),lqr_cost,25,0.6932744439025241,0.07454956749105135,0.6663254030324771,0.7225843026518642,0.6139449596302503,0.8711596610832707
sweep_ntrain_vdp,vdp,method,SINDy (STLSQ),lqr_fail,25,0.0,0.0,0.0,0.0,0.0,0.0
sweep_ntrain_vdp,vdp,method,SINDy (STLSQ),mpc_cost,25,1.4213613083519476,0.14819190725939876,1.366139452252687,1.479221638282518,1.2075279484943557,1.7558283807824155
sweep_ntrain_vdp,vdp,method,SINDy (STLSQ),mpc_fail,25,0.0,0.0,0.0,0.0,0.0,0.0
sweep_ntrain_vdp,vdp,method,SINDy (STLSQ),seconds,25,0.9720195388793945,1.0165554108831656,0.6557331929206849,1.4304932904243468,0.6214210987091064,5.213116884231567
sweep_ntrain_vdp,vdp,baseline,Neural ODE (MLP),pred_nrmse,25,0.2075517057035445,0.10335764252058025,0.1695574662672279,0.2491205657707883,0.08612136663552035,0.44065338632558293
sweep_ntrain_vdp,vdp,baseline,Neural ODE (MLP),pred_nrmse_h5,25,0.05827599774042747,0.028707145784207584,0.04775682364708062,0.06944822329666345,0.025749942791577687,0.12924500791387397
sweep_ntrain_vdp,vdp,baseline,Neural ODE (MLP),val_mse,25,0.007388844657689333,0.001412807230287156,0.006882312047760934,0.007958116940688343,0.005434318445622921,0.011959470808506012
sweep_ntrain_vdp,vdp,baseline,Neural ODE (MLP),lqr_cost,25,0.6966247774358633,0.07686118330993097,0.6686886752547158,0.7271386221291349,0.609866298941483,0.8993714297449327
sweep_ntrain_vdp,vdp,baseline,Neural ODE (MLP),lqr_fail,25,0.0,0.0,0.0,0.0,0.0,0.0
sweep_ntrain_vdp,vdp,baseline,Neural ODE (MLP),mpc_cost,25,1.4112957318760078,0.144227014978967,1.3577077856871962,1.4670037784561294,1.2120999803903743,1.676830034172507
sweep_ntrain_vdp,vdp,baseline,Neural ODE (MLP),mpc_fail,25,0.0,0.0,0.0,0.0,0.0,0.0
sweep_ntrain_vdp,vdp,baseline,Neural ODE (MLP),seconds,25,21.99796531677246,44.45526149759331,8.003158403396608,41.221568879604334,3.1717722415924072,197.4249279499054
sweep_ntrain_vdp,vdp,baseline,DMDc (linear LS),pred_nrmse,25,0.338584890677323,0.027961862473740155,0.3283338789174209,0.3500034615434919,0.3012548417429831,0.4121429150861001
sweep_ntrain_vdp,vdp,baseline,DMDc (linear LS),pred_nrmse_h5,25,0.09324573518906108,0.01303018050467701,0.08842467176078547,0.0983034830033248,0.06601293510199564,0.1266797063362153
sweep_ntrain_vdp,vdp,baseline,DMDc (linear LS),lqr_cost,25,0.7015521207863259,0.07475864061846717,0.6743978124706504,0.730775403421278,0.6132934690462541,0.8790197411665703
sweep_ntrain_vdp,vdp,baseline,DMDc (linear LS),lqr_fail,25,0.0,0.0,0.0,0.0,0.0,0.0
sweep_ntrain_vdp,vdp,baseline,DMDc (linear LS),mpc_cost,25,1.3271908307571914,0.13246717454237628,1.2777873553487145,1.378870362429176,1.1460937302164682,1.6288920367063573
sweep_ntrain_vdp,vdp,baseline,DMDc (linear LS),mpc_fail,25,0.0,0.0,0.0,0.0,0.0,0.0
sweep_ntrain_vdp,vdp,baseline,DMDc (linear LS),seconds,25,0.1863115119934082,0.19186015787842403,0.1444025604724884,0.2659171783924103,0.1381850242614746,1.1048519611358643
sweep_ntrain_vdp,vdp,baseline,True model (oracle),pred_nrmse,25,0.0,0.0,0.0,0.0,0.0,0.0
sweep_ntrain_vdp,vdp,baseline,True model (oracle),pred_nrmse_h5,25,0.0,0.0,0.0,0.0,0.0,0.0
sweep_ntrain_vdp,vdp,baseline,True model (oracle),lqr_cost,25,0.687189813321501,0.06947111416623378,0.6618312329261796,0.7141598031855138,0.6106289258214732,0.8053259868992566
sweep_ntrain_vdp,vdp,baseline,True model (oracle),lqr_fail,25,0.0,0.0,0.0,0.0,0.0,0.0
sweep_ntrain_vdp,vdp,baseline,True model (oracle),mpc_cost,25,1.3952420843888729,0.14263076157654594,1.3407339824599722,1.4489255970239534,1.1861488762366308,1.602886744599641
sweep_ntrain_vdp,vdp,baseline,True model (oracle),mpc_fail,25,0.0,0.0,0.0,0.0,0.0,0.0
sweep_ntrain_vdp,vdp,baseline,True model (oracle),seconds,25,0.37787981986999514,0.216378635122401,0.32959816431999206,0.4682716133594513,0.31510400772094727,1.4128479957580566
