H,task,system,rel_vs_dlinear,seeds_better,win
24,etth1,PatchTST,-1.2157124145218179,3,False
24,etth1,GRU,2.2809009422634663,0,False
24,etth1,Seasonal naive,31.018343813743265,0,False
24,multiseas,PatchTST,2.1298400774786024,0,False
24,multiseas,GRU,11.106722224732094,0,False
24,multiseas,Seasonal naive,92.0305048225659,0,False
24,noisy,PatchTST,-0.3913468045534569,3,False
24,noisy,GRU,-1.1069146159347185,3,False
24,noisy,Seasonal naive,89.49078105760186,0,False
24,regime,PatchTST,-4.971971876772106,3,False
24,regime,GRU,5.031345399975801,1,False
24,regime,Seasonal naive,354.90956279849286,0,False
24,seas1,PatchTST,1.6819610372017486,0,False
24,seas1,GRU,2.630769606908836,0,False
24,seas1,Seasonal naive,94.66592103615075,0,False
24,trend,PatchTST,2.3824478292937443,0,False
24,trend,GRU,3.7082251270168496,0,False
24,trend,Seasonal naive,83.54459091873045,0,False
96,etth1,PatchTST,6.324508707722984,0,False
96,etth1,GRU,6.161611505886219,0,False
96,etth1,Seasonal naive,36.224743374795466,0,False
96,multiseas,PatchTST,1.3076212284923576,0,False
96,multiseas,GRU,9.55828867451857,0,False
96,multiseas,Seasonal naive,89.91548857317714,0,False
96,noisy,PatchTST,-0.9184871497640983,3,False
96,noisy,GRU,-0.9820231764026793,3,False
96,noisy,Seasonal naive,87.41124415473088,0,False
96,regime,PatchTST,-4.816939829567398,3,False
96,regime,GRU,2.905914848488087,1,False
96,regime,Seasonal naive,265.767240457048,0,False
96,seas1,PatchTST,0.9439019978846784,0,False
96,seas1,GRU,1.412120372544246,0,False
96,seas1,Seasonal naive,95.49191458798516,0,False
96,trend,PatchTST,2.0208023241393835,0,False
96,trend,GRU,2.275521700145661,0,False
96,trend,Seasonal naive,81.34676988320815,0,False
192,etth1,PatchTST,6.823344952099957,0,False
192,etth1,GRU,6.792657069327684,0,False
192,etth1,Seasonal naive,41.57173192170355,0,False
192,multiseas,PatchTST,1.2316104755855686,0,False
192,multiseas,GRU,10.867640931721056,0,False
192,multiseas,Seasonal naive,90.05931149623476,0,False
192,noisy,PatchTST,-0.679044204067543,3,False
192,noisy,GRU,-1.0572219101658473,3,False
192,noisy,Seasonal naive,87.58592586129834,0,False
192,regime,PatchTST,1.4142515995533205,2,False
192,regime,GRU,2.000355940469817,1,False
192,regime,Seasonal naive,194.2362681914149,0,False
192,seas1,PatchTST,0.909547451026153,0,False
192,seas1,GRU,1.339916755888781,0,False
192,seas1,Seasonal naive,96.16659467920974,0,False
192,trend,PatchTST,2.205911724205374,0,False
192,trend,GRU,3.8441126181966627,0,False
192,trend,Seasonal naive,85.73897844392626,0,False
