step,value,seed,name
0,0.032999999821186066,2,"Discrete tokens (Gumbel-softmax, reimplemented)"
6400,0.5789999961853027,2,"Discrete tokens (Gumbel-softmax, reimplemented)"
12800,0.6809999942779541,2,"Discrete tokens (Gumbel-softmax, reimplemented)"
19200,0.7609999775886536,2,"Discrete tokens (Gumbel-softmax, reimplemented)"
25600,0.8349999785423279,2,"Discrete tokens (Gumbel-softmax, reimplemented)"
32000,0.8759999871253967,2,"Discrete tokens (Gumbel-softmax, reimplemented)"
38400,0.921999990940094,2,"Discrete tokens (Gumbel-softmax, reimplemented)"
44800,0.9279999732971191,2,"Discrete tokens (Gumbel-softmax, reimplemented)"
51200,0.9290000200271606,2,"Discrete tokens (Gumbel-softmax, reimplemented)"
57600,0.9319999814033508,2,"Discrete tokens (Gumbel-softmax, reimplemented)"
64000,0.9350000023841858,2,"Discrete tokens (Gumbel-softmax, reimplemented)"
70400,0.9419999718666077,2,"Discrete tokens (Gumbel-softmax, reimplemented)"
76800,0.9390000104904175,2,"Discrete tokens (Gumbel-softmax, reimplemented)"
83200,0.9490000009536743,2,"Discrete tokens (Gumbel-softmax, reimplemented)"
89600,0.9580000042915344,2,"Discrete tokens (Gumbel-softmax, reimplemented)"
96000,0.9440000057220459,2,"Discrete tokens (Gumbel-softmax, reimplemented)"
102400,0.949999988079071,2,"Discrete tokens (Gumbel-softmax, reimplemented)"
108800,0.9369999766349792,2,"Discrete tokens (Gumbel-softmax, reimplemented)"
115200,0.9399999976158142,2,"Discrete tokens (Gumbel-softmax, reimplemented)"
121600,0.9380000233650208,2,"Discrete tokens (Gumbel-softmax, reimplemented)"
128000,0.9570000171661377,2,"Discrete tokens (Gumbel-softmax, reimplemented)"
