subset,n,rand-acc,rand-loss,adv-acc,adv-loss
all tasks pooled,260,0.242343017269855,0.23615931440030424,0.11624614938719956,0.06824998549136478
"pooled, collapsed runs removed",219,0.26716085695525604,0.24123984599038012,0.15382295144388233,0.08565928227861118
digits_n0.0,65,0.13286668503110902,-0.0709353146853147,-0.20397103648032755,-0.648076923076923
digits_n0.2,65,0.35295531885626896,0.30598776223776225,0.041611574433581176,0.04925699300699301
digits_n0.4,65,0.366407257024443,0.32399475524475524,0.3765743040775738,0.3713723776223776
spirals_n0.2,65,-0.7181741289873343,-0.8485576923076923,-0.33908312756753595,-0.4003933566433566
digits_n0.0 no collapsed,62,0.07952904834070498,-0.21820150587998288,-0.16331948196028728,-0.6232781848857999
digits_n0.2 no collapsed,56,0.22701095438004867,0.15454545454545457,-0.15373310340280924,-0.14217361585782637
digits_n0.4 no collapsed,51,0.09991854507390807,0.018009049773755656,0.08996289293792084,0.08678733031674207
spirals_n0.2 no collapsed,50,-0.4273944188863028,-0.6877791116446579,-0.3948690117835569,-0.5361344537815126
SAM-sweep digits pooled,90,0.7392437180716266,0.7571881302218381,0.6315429879654897,0.6060912869901633
SAM only digits_n0.0,30,0.3254212905991236,0.5701890989988877,0.05527704114286483,-0.4562847608453838
SAM only digits_n0.2,30,0.5621802002224694,0.5604004449388209,0.7312569521690767,0.7121245828698554
SAM only digits_n0.4,30,0.5640226978944198,0.5559510567296997,0.5066192043809049,0.5132369299221357
